<?xml version="1.0" encoding="utf-8"?>
<extension
	type="module"
	version="1.0.0"
	client="site"
	method="upgrade">
	<name>Avatar Articles Accordion Module</name>
	<author>Trung Nguyen Quang</author>
	<creationDate>March 2012</creationDate>
	<copyright>JoomAvatar.com</copyright>
	<license>License GNU General Public License version 2 or later</license>
	<authorEmail>admin@joomavatar.com</authorEmail>
	<authorUrl>www.joomavatar.com</authorUrl>
	<edition>PRO</edition>
	<version>1.0.0</version>
	<description>MODULE_AVATAR_ARTICLES_ACCORDION_XML_DES</description>
	<files>
		<filename module="mod_avatar_articles_accordion">mod_avatar_articles_accordion.php</filename>
		<filename>index.html</filename>
		<filename>helper.php</filename>
		<filename>mod_avatar_articles_accordion.xml</filename>
		<folder>tmpl</folder>
		<folder>assets</folder>
	</files>
	<languages>
		<language tag="en-GB">en-GB.mod_avatar_articles_accordion.ini</language>
		<language tag="en-GB">en-GB.mod_avatar_articles_accordion.sys.ini</language>
	</languages>
	<config>
		<fields name="params">
				<fieldset name="basic">
					<field
						name="catid"
						type="category"
						extension="com_content"
						multiple="true"
						default=""
						size="10"
						label="JCATEGORY"
						description="MOD_ARTICLES_NEWS_FIELD_CATEGORY_DESC" >
						<option value="">JOPTION_ALL_CATEGORIES</option>
					</field>

					<field
						name="image"
						type="radio"
						default="0"
						label="MOD_ARTICLES_NEWS_FIELD_IMAGES_LABEL"
						description="MOD_ARTICLES_NEWS_FIELD_IMAGES_DESC">
						<option
							value="1">JYES</option>
						<option
							value="0">JNO</option>
					</field>

					<field
						name="item_title"
						type="radio"
						default="0"
						label="MOD_ARTICLES_NEWS_FIELD_TITLE_LABEL"
						description="MOD_ARTICLES_NEWS_FIELD_TITLE_DESC">
						<option
							value="1">JYES</option>
						<option
							value="0">JNO</option>
					</field>

					<field
						name="link_titles"
						type="list"
						label="MOD_ARTICLES_NEWS_FIELD_LINKTITLE_LABEL"
						description="MOD_ARTICLES_NEWS_FIELD_LINKTITLE_DESC">
						<option
							value="">JGLOBAL_USE_GLOBAL</option>
						<option
							value="0">JNO</option>
						<option
							value="1">JYES</option>
					</field>

					<field
						name="item_heading"
						type="list"
						default="h4"
						label="MOD_ARTICLES_NEWS_TITLE_HEADING"
						description="MOD_ARTICLES_NEWS_TITLE_HEADING_DESCRIPTION">
						<option
							value="h1">JH1</option>
						<option
							value="h2">JH2</option>
						<option
							value="h3">JH3</option>
						<option
							value="h4">JH4</option>
						<option
							value="h5">JH5</option>
					</field>

					<field
						name="showLastSeparator"
						type="radio"
						default="1"
						label="MOD_ARTICLES_NEWS_FIELD_SEPARATOR_LABEL"
						description="MOD_ARTICLES_NEWS_FIELD_SEPARATOR_DESC">
						<option
							value="1">JYES</option>
						<option
							value="0">JNO</option>
					</field>

					<field
						name="readmore"
						type="text"
						default=""
						label="MOD_ARTICLES_NEWS_FIELD_READMORE_LABEL"
						description="MOD_ARTICLES_NEWS_FIELD_READMORE_DESC"/>

					<field
						name="count"
						type="text"
						default="5"
						label="MOD_ARTICLES_NEWS_FIELD_ITEMS_LABEL"
						description="MOD_ARTICLES_NEWS_FIELD_ITEMS_DESC" />

					<field
						name="ordering"
						type="list"
						default="a.publish_up"
						label="MOD_ARTICLES_NEWS_FIELD_ORDERING_LABEL"
						description="MOD_ARTICLES_NEWS_FIELD_ORDERING_DESC">
						<option
							value="a.publish_up">MOD_ARTICLES_NEWS_FIELD_ORDERING_PUBLISHED_DATE</option>
						<option
							value="a.created">MOD_ARTICLES_NEWS_FIELD_ORDERING_CREATED_DATE</option>
						<option
							value="a.ordering">MOD_ARTICLES_NEWS_FIELD_ORDERING_ORDERING</option>
						<option
							value="rand()">MOD_ARTICLES_NEWS_FIELD_ORDERING_RANDOM</option>
					</field>
					
					<field
						name="duration"
						type="text"
						default="3000"
						label="AVATAR_ARTICLES_NEWS_DURATION_LABEL"
						description="AVATAR_ARTICLES_NEWS_DURATION_DESC" />
						
					<field
						name="auto_start"
						type="radio"
						default="1"
						label="AVATAR_ARTICLES_ACC_AUTO_START_LABEL"
						description="AVATAR_ARTICLES_ACC_AUTO_START_DESC">
						<option
							value="1">JYES</option>
						<option
							value="0">JNO</option>
					</field>
				</fieldset>
					
				<fieldset
					name="advanced">

					<field
						name="layout"
						type="modulelayout"
						label="JFIELD_ALT_LAYOUT_LABEL"
						description="JFIELD_ALT_MODULE_LAYOUT_DESC" />

					<field
						name="moduleclass_sfx"
						type="text"
						label="COM_MODULES_FIELD_MODULECLASS_SFX_LABEL"
						description="COM_MODULES_FIELD_MODULECLASS_SFX_DESC" />
					<field
						name="copyright"
						type="radio"
						default="1"
						label="AVATAR_ARTICLES_NEWS_COPYRIGHT_LABEL"
						description="AVATAR_ARTICLES_NEWS_COPYRIGHT_DESC">
						<option
							value="1">JYES</option>
						<option
							value="0">JNO</option>
					</field>
				</fieldset>
			</fields>
		</config>
</extension>
