<?xml version="1.0" encoding="utf-8" ?>
<dwsync>
<file name="adminis.js" server="ftp.allamericanfl.com//public_html/" local="130511249642862119" remote="130590519600000000" />
<file name="adminis.pgt" server="ftp.allamericanfl.com//public_html/" local="130511249589319057" remote="130590519600000000" />
<file name="arrow_r.gif" server="ftp.allamericanfl.com//public_html/" local="130511232988986645" remote="130590519600000000" />
<file name="details.php" server="ftp.allamericanfl.com//public_html/" local="130512098422392660" remote="130590519600000000" />
<file name="blank.gif" server="ftp.allamericanfl.com//public_html/" local="128394630000000000" remote="130590519600000000" />
<file name="icon_01a.gif" server="ftp.allamericanfl.com//public_html/" local="130511233101930844" remote="130590519600000000" />
<file name="index.php" server="ftp.allamericanfl.com//public_html/" local="130511233102086844" remote="130590519600000000" />
<file name="error_log" server="ftp.allamericanfl.com//public_html/" local="130511233105154848" remote="130590519600000000" />
<file name="logs.php" server="ftp.allamericanfl.com//public_html/" local="130511233136782898" remote="130590519600000000" />
<file name="menu.php" server="ftp.allamericanfl.com//public_html/" local="130511233136782898" remote="130590519600000000" />
<file name="msgs.php" server="ftp.allamericanfl.com//public_html/" local="130511233138062900" remote="130590519600000000" />
<file name="msgs_detail.php" server="ftp.allamericanfl.com//public_html/" local="130511233752735972" remote="130590519600000000" />
<file name="new_tennant.php" server="ftp.allamericanfl.com//public_html/" local="130512097110097601" remote="130590519600000000" />
<file name="pass_edit.php" server="ftp.allamericanfl.com//public_html/" local="130511233795324047" remote="130590519600000000" />
<file name="new_admin.php" server="ftp.allamericanfl.com//public_html/" local="130511233869424177" remote="130590519600000000" />
<file name="new_user.php" server="ftp.allamericanfl.com//public_html/" local="130511233869424177" remote="130590519600000000" />
<file name="pass_edit_adm.php" server="ftp.allamericanfl.com//public_html/" local="130511233869580177" remote="130590519600000000" />
<file name="search.php" server="ftp.allamericanfl.com//public_html/" local="130511233927144279" remote="130590519600000000" />
<file name="steffie.js" server="ftp.allamericanfl.com//public_html/" local="128394630000000000" remote="130590519600000000" />
<file name="stcode.js" server="ftp.allamericanfl.com//public_html/" local="128394630000000000" remote="130590519600000000" />
<file name="steffrect.js" server="ftp.allamericanfl.com//public_html/" local="128394630000000000" remote="130590519600000000" />
<file name="steffslip.js" server="ftp.allamericanfl.com//public_html/" local="128394630000000000" remote="130590519600000000" />
<file name="stmenu.js" server="ftp.allamericanfl.com//public_html/" local="128394630000000000" remote="130590519600000000" />
<file name="tennant_msgs.php" server="ftp.allamericanfl.com//public_html/" local="130511234062864517" remote="130590519600000000" />
<file name="tennant_msgs_det.php" server="ftp.allamericanfl.com//public_html/" local="130511234062864517" remote="130590519600000000" />
<file name="users_admin.php" server="ftp.allamericanfl.com//public_html/" local="130511234064268519" remote="130590519600000000" />
<file name="visits.php" server="ftp.allamericanfl.com//public_html/" local="130511234104672590" remote="130590519600000000" />
<file name="msgs_ok.php" server="ftp.allamericanfl.com//public_html/" local="130511234104672590" remote="130590519600000000" />
<file name="visitor_detail.php" server="ftp.allamericanfl.com//public_html/" local="130511234104828591" remote="130590519600000000" />
<file name="msgs_sent.php" server="ftp.allamericanfl.com//public_html/" local="130511234120116617" remote="130590519600000000" />
<file name="search_unit.php" server="ftp.allamericanfl.com//public_html/" local="130512049871285696" remote="130590519600000000" />
</dwsync>