<?xml version="1.0" encoding="utf-8" ?>
<dwsync>
<file name="menu.js" server="ftp.allamericanfl.com//public_html/" local="130511231312463773" remote="130590517800000000" />
<file name="stmenu.js" server="ftp.allamericanfl.com//public_html/" local="130511243985748551" remote="130590517800000000" />
<file name="icon_01a.gif" server="ftp.allamericanfl.com//public_html/" local="130511245073130746" remote="130590519600000000" />
<file name="details.php" server="ftp.allamericanfl.com//public_html/" local="130512046504093104" remote="130590519000000000" />
<file name="search_unit.php" server="ftp.allamericanfl.com//public_html/" local="130512049199217256" remote="130590517800000000" />
<file name="index.php" server="ftp.allamericanfl.com//public_html/" local="130511223994549730" remote="130590519600000000" />
<file name="index_error.php" server="ftp.allamericanfl.com//public_html/" local="130511223996939867" remote="130590517800000000" />
<file name="list.php" server="ftp.allamericanfl.com//public_html/" local="130511224034972042" remote="130590517800000000" />
<file name="menu.pgt" server="ftp.allamericanfl.com//public_html/" local="130511224035392066" remote="130590517800000000" />
<file name="menu.php" server="ftp.allamericanfl.com//public_html/" local="130511224069344008" remote="130590517800000000" />
<file name="msgs_answer.php" server="ftp.allamericanfl.com//public_html/" local="130511224069344008" remote="130590517800000000" />
<file name="search_phone.php" server="ftp.allamericanfl.com//public_html/" local="130511224069654026" remote="130590517800000000" />
<file name="search_tennant.php" server="ftp.allamericanfl.com//public_html/" local="130511224093945415" remote="130590517800000000" />
<file name="stcode.js" server="ftp.allamericanfl.com//public_html/" local="130511224132577625" remote="130590517800000000" />
<file name="steffie.js" server="ftp.allamericanfl.com//public_html/" local="130511224118546822" remote="130590517800000000" />
<file name="steffrect.js" server="ftp.allamericanfl.com//public_html/" local="130511224132577625" remote="130590517800000000" />
<file name="steffslip.js" server="ftp.allamericanfl.com//public_html/" local="130511224133087654" remote="130590517800000000" />
<file name="arrow_r.gif" server="ftp.allamericanfl.com//public_html/" local="130511223699512855" remote="130590519000000000" />
<file name="blank.gif" server="ftp.allamericanfl.com//public_html/" local="130511223737275015" remote="130590519000000000" />
<file name="details_ant.php" server="ftp.allamericanfl.com//public_html/" local="130511223794338279" remote="130590519000000000" />
<file name="dial - Copy.php" server="ftp.allamericanfl.com//public_html/" local="130511223945656934" remote="130590519000000000" />
<file name="dial.php" server="ftp.allamericanfl.com//public_html/" local="130511223860422058" remote="130590519000000000" />
<file name="dial_ant.php" server="ftp.allamericanfl.com//public_html/" local="130511223927235880" remote="130590519000000000" />
<file name="error_log" server="ftp.allamericanfl.com//public_html/" local="130511223948547099" remote="130590519600000000" />
</dwsync>