<?xml version="1.0" encoding="utf-8"?>
<extension type="module" version="2.5.0" method="upgrade">
    <name>Avatar K2 Slide Items</name>
    <author>Nam Chung Tran</author>
    <version>1.1.0</version>
	<creationDate>March 2012</creationDate>
	<copyright>JoomAvatar.com</copyright>
	<license>License GNU General Public License version 2 or later</license>
	<authorEmail>admin@joomavatar.com</authorEmail>
	<authorUrl>www.joomavatar.com</authorUrl>
	<edition>Free</edition>
    <description>AVATAR_K2_SLIDE_ITEMS</description>
    <files>
        <filename module="mod_avatark2slideitems">mod_avatark2slideitems.php</filename>
        <filename>index.html</filename>
        <filename>mod_avatark2slideitems.xml</filename>
        <filename>helper.php</filename>
        <folder>tmpl</folder>
        <folder>assets</folder>
        <folder>fields</folder>
    </files>
    <languages>
		<language tag="en-GB">en-GB.mod_avatark2slideitems.ini</language>
		<language tag="en-GB">en-GB.mod_avatark2slideitems.sys.ini</language>
	</languages>
    <config>
    	<fields name="params">
    		<fieldset name="basic" label="AVATAR_K2_SLIDE_ITEMS_MODULE_SETTING">
    			<field name="moduleclass_sfx" type="text"  default="" label="AVATAR_SUFFIX" description="" />
    			<field name="sliderWidth" type="text" default="100%" label="AVATAR_WIDTH" size="2" description="AVATAR_WIDTH_DESC"/>
    			<field name="cr" type="hidden" default="true" label="AVATAR_COPYRIGHT" description="AVATAR_COPYRIGHT_DESC">	
					<option value="true">AVATAR_SHOW</option>
					<option value="false">AVATAR_HIDE</option>
				</field>
    		</fieldset>
    		<fieldset name="source" label="AVATAR_K2_SLIDE_ITEMS_SOURCE_SETTING" addfieldpath="/administrator/components/com_k2/elements/">
    			<field name="itemImgSize" type="list" default="XLarge" label="K2_IMAGE_SIZE" description="K2_IMAGE_SIZE_DESC">
					<option value="XSmall">K2_XSMALL</option>
					<option value="Small">K2_SMALL</option>
					<option value="Medium">K2_MEDIUM</option>
					<option value="Large">K2_LARGE</option>
					<option value="XLarge">K2_XLARGE</option>
					<option value="Original">K2_ORIGINAL</option>
				</field>
				<field name="numberItems" type="hidden" size="4" default="5" label="K2_ITEM_COUNT" description="K2_ITEM_COUNT_DESC"/>
				<field name="source" type="list" default="filter" label="K2_SOURCE" description="K2_SOURCE_DESC">
					<option value="filter">K2_RETRIEVE_ITEMS_FROM_CATEGORIES</option>
					<option value="specific">K2_SELECT_SPECIFIC_ITEMS</option>
				</field>
				<field name="" type="header" default="K2_RETRIEVE_ITEMS_FROM_CATEGORIES" label="" description="K2_RETRIEVE_ITEMS_FROM_CATEGORIES_DESC"/>
				<field name="catfilter" type="radio" default="0" label="K2_CATEGORY_FILTER" description="K2_CATEGORY_FILTER_DESC">
					<option value="0">K2_ALL</option>
					<option value="1">K2_SELECT</option>
				</field>
				<field name="category_id" type="categoriesmultiple" default="" label="K2_SELECT_ONE_OR_MORE_CATEGORIES" description="K2_SELECT_ONE_OR_MORE_CATEGORIES_DESC"/>
				<field name="getChildren" type="radio" default="0" label="K2_FETCH_ITEMS_FROM_CHILDREN_CATEGORIES" description="K2_FETCH_ITEMS_FROM_CHILDREN_CATEGORIES_DESC">
					<option value="0">K2_NO</option>
					<option value="1">K2_YES</option>
				</field>
				<field name="itemsOrdering" type="list" default="" label="K2_ITEM_ORDERING" description="K2_ITEM_ORDERING_DESC">
					<option value="">K2_DEFAULT</option>
					<option value="date">K2_OLDEST_FIRST</option>
					<option value="rdate">K2_MOST_RECENT_FIRST</option>
					<option value="publishUp">K2_RECENTLY_PUBLISHED</option>
					<option value="alpha">K2_TITLE_ALPHABETICAL</option>
					<option value="ralpha">K2_TITLE_REVERSEALPHABETICAL</option>
					<option value="order">K2_ORDERING</option>
					<option value="rorder">K2_ORDERING_REVERSE</option>
					<option value="hits">K2_MOST_POPULAR</option>
					<option value="best">K2_HIGHEST_RATED</option>
					<option value="comments">K2_MOST_COMMENTED</option>
					<option value="modified">K2_LATEST_MODIFIED</option>
					<option value="rand">K2_RANDOM_ORDERING</option>
				</field>
				<field name="FeaturedItems" type="list" default="1" label="K2_FEATURED_ITEMS" description="K2_FEATURED_ITEMS_DESC">
					<option value="0">K2_HIDE</option>
					<option value="1">K2_SHOW</option>
					<option value="2">K2_SHOW_ONLY_FEATURED_ITEMS</option>
				</field>
				<field name="popularityRange" type="list" default="" label="K2_TIME_RANGE_IF_ORDERING_IS_SET_TO_MOST_POPULAR_OR_MOST_COMMENTED" description="">
					<option value="">K2_ALL_TIME</option>
					<option value="1">K2_1_DAY</option>
					<option value="3">K2_3_DAYS</option>
					<option value="7">K2_1_WEEK</option>
					<option value="15">K2_2_WEEKS</option>
					<option value="30">K2_1_MONTH</option>
					<option value="90">K2_3_MONTHS</option>
					<option value="180">K2_6_MONTHS</option>
				</field>
				<field name="" type="header" default="K2_SELECT_SPECIFIC_ITEMS" label="" description=""/>
				<field name="item" type="item" default="" label="K2_ADD_ITEMS" description="K2_ADD_ITEMS"/>
				<field name="items" type="items" default="" label="K2_DRAG_AND_DROP_TO_REORDER_ITEMS" description="K2_DRAG_AND_DROP_TO_REORDER_ITEMS_DESC"/>
			</fieldset>
			<fieldset name="slide" label="AVATAR_K2_SLIDE_ITEMS_SLIDE_SETTING" addfieldpath="/modules/mod_avatark2slideitems/fields">
				<field name="theme" type="list" default="default" label="AVATAR_K2_SLIDE_ITEMS_THEME" description="AVATAR_K2_SLIDE_ITEMS_THEME_DESC">
					<option value="default">AVATAR_K2_SLIDE_ITEMS_DEFAULT</option>
					<option value="bar">AVATAR_K2_SLIDE_ITEMS_BAR</option>
					<option value="dark">AVATAR_K2_SLIDE_ITEMS_DARK</option>
					<option value="light">AVATAR_K2_SLIDE_ITEMS_LIGHT</option>
				</field>
				<field name="controlNav" type="radio" default="true" label="AVATAR_K2_SLIDE_ITEMS_CONTROL_NAVIGATION" description="AVATAR_K2_SLIDE_ITEMS_CONTROL_NAVIGATION_DESC">	
					<option value="true">AVATAR_SHOW</option>
					<option value="false">AVATAR_HIDE</option>
				</field>
				<field name="randomStart" type="radio" default="true" label="AVATAR_K2_SLIDE_ITEMS_RANDOM_START" description="AVATAR_K2_SLIDE_ITEMS_RANDOM_START_DESC">	
					<option value="true">AVATAR_TRUE</option>
					<option value="false">AVATAR_FALSE</option>
				</field>
				<field name="slices" type="text" default="15" label="AVATAR_K2_SLIDE_ITEMS_SLICES" size="2" description="AVATAR_K2_SLIDE_ITEMS_SLICES_DESC"/>
    			<field name="boxRows" type="text" default="8" label="AVATAR_K2_SLIDE_ITEMS_BOX_ROWS" size="2" description="AVATAR_K2_SLIDE_ITEMS_BOX_ROWS_DESC"/>
    			<field name="animSpeed" type="text" default="400" label="AVATAR_K2_SLIDE_ITEMS_ANIMATION_SPEED" size="2" description="ANIMATION_SPEED_DESC"/>
    			<field name="pauseTime" type="text" default="4000" label="AVATAR_K2_SLIDE_ITEMS_PAUSE_TIME" size="2" description="AVATAR_K2_SLIDE_ITEMS_PAUSE_TIME_DESC"/>
    			<field name="titleColor" type="colorpicker" default="#ffffff" label="AVATAR_K2_SLIDE_ITEMS_TITLE_COLOR" size="2" description="AVATAR_K2_SLIDE_ITEMS_TITLE_COLOR_DESC"/>
    			<field name="introColor" type="colorpicker" default="#ffffff" label="AVATAR_K2_SLIDE_ITEMS_INTRO_COLOR" size="2" description="AVATAR_K2_SLIDE_ITEMS_INTRO_COLOR_DESC"/>
    			<field name="effect" type="list" default="random" label="AVATAR_K2_SLIDE_ITEMS_EFFECT" multiple="multiple" description="AVATAR_K2_SLIDE_ITEMS_EFFECT_DESC" size="7">
					<option value="random">Random</option>
					<option value="sliceDownRight">Slice Down Right</option>
					<option value="sliceDownLeft">Slice Down Left</option>
					<option value="sliceUpRight">Slice Up Right</option>
					<option value="sliceUpLeft">Slice Up Left</option>
					<option value="sliceUpDown">Slice Up Down</option>
					<option value="sliceUpDownLeft">Slice Up Down Left</option>
					<option value="fold">Fold</option>
					<option value="fade">Fade</option>
					<option value="boxRandom">Box Random</option>
					<option value="boxRain">Box Rain</option>
					<option value="boxRainReverse">Box Rain Reverse</option>
					<option value="boxRainGrow">Box Rain Grow</option>
					<option value="boxRainGrowReverse">Box Rain Grow Reverse</option>
				</field>
			</fieldset>
    	</fields>	
    </config>
</extension>